Fund Holdings as of,"26/Jun/2025"
 
Ticker,Name,Sector,Asset Class,Market Value,Weight (%),Notional Value,Shares,Price,Location,Exchange,Market Currency
"AVGO","BROADCOM INC","Information Technology","Equity","125,917,861.73","4.11","125,917,861.73","466,069.00","270.17","United States","NASDAQ","USD"
"NFLX","NETFLIX INC","Communication","Equity","120,823,854.89","3.95","120,823,854.89","92,467.00","1,306.67","United States","NASDAQ","USD"
"BRKB","BERKSHIRE HATHAWAY INC CLASS B","Financials","Equity","105,005,079.15","3.43","105,005,079.15","216,483.00","485.05","United States","New York Stock Exchange Inc.","USD"
"PLTR","PALANTIR TECHNOLOGIES INC CLASS A","Information Technology","Equity","86,375,313.25","2.82","86,375,313.25","598,789.00","144.25","United States","NASDAQ","USD"
"V","VISA INC CLASS A","Financials","Equity","85,830,319.29","2.80","85,830,319.29","248,043.00","346.03","United States","New York Stock Exchange Inc.","USD"
"JPM","JPMORGAN CHASE & CO","Financials","Equity","85,089,427.50","2.78","85,089,427.50","294,682.00","288.75","United States","New York Stock Exchange Inc.","USD"
"WMT","WALMART INC","Consumer Staples","Equity","79,238,968.68","2.59","79,238,968.68","825,234.00","96.02","United States","New York Stock Exchange Inc.","USD"
"PM","PHILIP MORRIS INTERNATIONAL INC","Consumer Staples","Equity","69,877,120.08","2.28","69,877,120.08","386,788.00","180.66","United States","New York Stock Exchange Inc.","USD"
"COST","COSTCO WHOLESALE CORP","Consumer Staples","Equity","56,604,803.99","1.85","56,604,803.99","57,589.00","982.91","United States","NASDAQ","USD"
"SAP","SAP","Information Technology","Equity","52,387,010.76","1.71","52,387,010.76","177,805.00","294.63","Germany","Xetra","EUR"
"LLY","ELI LILLY","Health Care","Equity","51,654,970.80","1.69","51,654,970.80","64,965.00","795.12","United States","New York Stock Exchange Inc.","USD"
"IBM","INTERNATIONAL BUSINESS MACHINES CO","Information Technology","Equity","41,494,638.27","1.36","41,494,638.27","142,139.00","291.93","United States","New York Stock Exchange Inc.","USD"
"T","AT&T INC","Communication","Equity","38,350,564.00","1.25","38,350,564.00","1,369,663.00","28.00","United States","New York Stock Exchange Inc.","USD"
"GEV","GE VERNOVA INC","Industrials","Equity","36,630,706.37","1.20","36,630,706.37","72,277.00","506.81","United States","New York Stock Exchange Inc.","USD"
"CBA","COMMONWEALTH BANK OF AUSTRALIA","Financials","Equity","35,688,923.85","1.17","35,688,923.85","285,771.00","124.89","Australia","Asx - All Markets","AUD"
"ALV","ALLIANZ","Financials","Equity","30,379,772.05","0.99","30,379,772.05","76,250.00","398.42","Germany","Xetra","EUR"
"GE","GE AEROSPACE","Industrials","Equity","28,747,030.00","0.94","28,747,030.00","114,530.00","251.00","United States","New York Stock Exchange Inc.","USD"
"6758","SONY GROUP CORP","Consumer Discretionary","Equity","28,551,244.76","0.93","28,551,244.76","1,122,500.00","25.44","Japan","Tokyo Stock Exchange","JPY"
"SPOT","SPOTIFY TECHNOLOGY SA","Communication","Equity","28,537,602.00","0.93","28,537,602.00","36,780.00","775.90","Sweden","New York Stock Exchange Inc.","USD"
"BSX","BOSTON SCIENTIFIC CORP","Health Care","Equity","27,410,940.90","0.90","27,410,940.90","262,105.00","104.58","United States","New York Stock Exchange Inc.","USD"
"RHM","RHEINMETALL AG","Industrials","Equity","27,284,774.54","0.89","27,284,774.54","12,499.00","2,182.95","Germany","Xetra","EUR"
"7974","NINTENDO LTD","Communication","Equity","25,082,635.64","0.82","25,082,635.64","269,900.00","92.93","Japan","Tokyo Stock Exchange","JPY"
"GILD","GILEAD SCIENCES INC","Health Care","Equity","24,312,434.20","0.79","24,312,434.20","225,910.00","107.62","United States","NASDAQ","USD"
"DTE","DEUTSCHE TELEKOM N AG","Communication","Equity","23,106,587.46","0.75","23,106,587.46","642,021.00","35.99","Germany","Xetra","EUR"
"ROG","ROCHE HOLDING PAR AG","Health Care","Equity","22,915,440.52","0.75","22,915,440.52","69,931.00","327.69","Switzerland","SIX Swiss Exchange","CHF"
"BKNG","BOOKING HOLDINGS INC","Consumer Discretionary","Equity","22,221,716.00","0.73","22,221,716.00","3,971.00","5,596.00","United States","NASDAQ","USD"
"IBE","IBERDROLA SA","Utilities","Equity","22,130,841.83","0.72","22,130,841.83","1,153,284.00","19.19","Spain","Bolsa De Madrid","EUR"
"RR.","ROLLS-ROYCE HOLDINGS PLC","Industrials","Equity","21,102,327.01","0.69","21,102,327.01","1,645,490.00","12.82","United Kingdom","London Stock Exchange","GBP"
"ENR","SIEMENS ENERGY N AG","Industrials","Equity","20,726,265.43","0.68","20,726,265.43","190,556.00","108.77","Germany","Xetra","EUR"
"PGR","PROGRESSIVE CORP","Financials","Equity","20,472,288.24","0.67","20,472,288.24","78,252.00","261.62","United States","New York Stock Exchange Inc.","USD"
"MSTR","MICROSTRATEGY INC CLASS A","Information Technology","Equity","20,075,944.44","0.66","20,075,944.44","51,951.00","386.44","United States","NASDAQ","USD"
"GS","GOLDMAN SACHS GROUP INC","Financials","Equity","20,012,160.68","0.65","20,012,160.68","29,123.00","687.16","United States","New York Stock Exchange Inc.","USD"
"SAN","BANCO SANTANDER SA","Financials","Equity","19,950,995.41","0.65","19,950,995.41","2,474,656.00","8.06","Spain","Bolsa De Madrid","EUR"
"TJX","TJX INC","Consumer Discretionary","Equity","19,241,324.90","0.63","19,241,324.90","157,535.00","122.14","United States","New York Stock Exchange Inc.","USD"
"ISRG","INTUITIVE SURGICAL INC","Health Care","Equity","18,739,919.39","0.61","18,739,919.39","35,081.00","534.19","United States","NASDAQ","USD"
"NOW","SERVICENOW INC","Information Technology","Equity","18,390,002.08","0.60","18,390,002.08","18,182.00","1,011.44","United States","New York Stock Exchange Inc.","USD"
"APP","APPLOVIN CORP CLASS A","Information Technology","Equity","17,983,317.10","0.59","17,983,317.10","51,758.00","347.45","United States","NASDAQ","USD"
"RY","ROYAL BANK OF CANADA","Financials","Equity","17,757,613.85","0.58","17,757,613.85","136,349.00","130.24","Canada","Toronto Stock Exchange","CAD"
"CME","CME GROUP INC CLASS A","Financials","Equity","17,624,818.00","0.58","17,624,818.00","64,600.00","272.83","United States","NASDAQ","USD"
"RTX","RTX CORP","Industrials","Equity","17,439,410.12","0.57","17,439,410.12","122,236.00","142.67","United States","New York Stock Exchange Inc.","USD"
"MUV2","MUENCHENER RUECKVERSICHERUNGS-GESE","Financials","Equity","17,315,457.62","0.57","17,315,457.62","26,988.00","641.60","Germany","Xetra","EUR"
"MCK","MCKESSON CORP","Health Care","Equity","17,161,940.00","0.56","17,161,940.00","23,770.00","722.00","United States","New York Stock Exchange Inc.","USD"
"CRWD","CROWDSTRIKE HOLDINGS INC CLASS A","Information Technology","Equity","16,821,299.90","0.55","16,821,299.90","33,295.00","505.22","United States","NASDAQ","USD"
"DB1","DEUTSCHE BOERSE AG","Financials","Equity","16,802,756.34","0.55","16,802,756.34","51,923.00","323.61","Germany","Xetra","EUR"
"ZURN","ZURICH INSURANCE GROUP AG","Financials","Equity","16,785,531.29","0.55","16,785,531.29","24,252.00","692.13","Switzerland","SIX Swiss Exchange","CHF"
"HWM","HOWMET AEROSPACE INC","Industrials","Equity","16,670,588.40","0.54","16,670,588.40","94,264.00","176.85","United States","New York Stock Exchange Inc.","USD"
"BATS","BRITISH AMERICAN TOBACCO","Consumer Staples","Equity","16,130,424.89","0.53","16,130,424.89","341,136.00","47.28","United Kingdom","London Stock Exchange","GBP"
"HOOD","ROBINHOOD MARKETS INC CLASS A","Financials","Equity","15,983,408.16","0.52","15,983,408.16","189,108.00","84.52","United States","NASDAQ","USD"
"TMUS","T MOBILE US INC","Communication","Equity","15,926,092.98","0.52","15,926,092.98","68,819.00","231.42","United States","NASDAQ","USD"
"ENB","ENBRIDGE INC","Energy","Equity","15,632,310.70","0.51","15,632,310.70","346,418.00","45.13","Canada","Toronto Stock Exchange","CAD"
"WELL","WELLTOWER INC","Real Estate","Equity","15,551,207.52","0.51","15,551,207.52","101,324.00","153.48","United States","New York Stock Exchange Inc.","USD"
"7011","MITSUBISHI HEAVY INDUSTRIES LTD","Industrials","Equity","13,918,783.98","0.45","13,918,783.98","566,500.00","24.57","Japan","Tokyo Stock Exchange","JPY"
"SPGI","S&P GLOBAL INC","Financials","Equity","13,696,441.88","0.45","13,696,441.88","26,594.00","515.02","United States","New York Stock Exchange Inc.","USD"
"MS","MORGAN STANLEY","Financials","Equity","13,652,037.75","0.45","13,652,037.75","97,689.00","139.75","United States","New York Stock Exchange Inc.","USD"
"BA.","BAE SYSTEMS PLC","Industrials","Equity","13,319,387.94","0.44","13,319,387.94","513,826.00","25.92","United Kingdom","London Stock Exchange","GBP"
"UCG","UNICREDIT","Financials","Equity","13,124,913.77","0.43","13,124,913.77","199,612.00","65.75","Italy","Borsa Italiana","EUR"
"AEM","AGNICO EAGLE MINES LTD","Materials","Equity","13,030,886.75","0.43","13,030,886.75","105,842.00","123.12","Canada","Toronto Stock Exchange","CAD"
"APH","AMPHENOL CORP CLASS A","Information Technology","Equity","12,933,058.84","0.42","12,933,058.84","133,358.00","96.98","United States","New York Stock Exchange Inc.","USD"
"REL","RELX PLC","Industrials","Equity","12,701,109.89","0.41","12,701,109.89","238,665.00","53.22","United Kingdom","London Stock Exchange","GBP"
"MO","ALTRIA GROUP INC","Consumer Staples","Equity","12,618,038.91","0.41","12,618,038.91","214,629.00","58.79","United States","New York Stock Exchange Inc.","USD"
"CS","AXA SA","Financials","Equity","12,535,624.48","0.41","12,535,624.48","257,439.00","48.69","France","Nyse Euronext - Euronext Paris","EUR"
"ORLY","OREILLY AUTOMOTIVE INC","Consumer Discretionary","Equity","12,253,029.48","0.40","12,253,029.48","138,876.00","88.23","United States","NASDAQ","USD"
"ICE","INTERCONTINENTAL EXCHANGE INC","Financials","Equity","11,608,444.80","0.38","11,608,444.80","64,206.00","180.80","United States","New York Stock Exchange Inc.","USD"
"ISP","INTESA SANPAOLO","Financials","Equity","11,577,841.46","0.38","11,577,841.46","2,055,676.00","5.63","Italy","Borsa Italiana","EUR"
"BBVA","BANCO BILBAO VIZCAYA ARGENTARIA SA","Financials","Equity","11,456,673.45","0.37","11,456,673.45","766,876.00","14.94","Spain","Bolsa De Madrid","EUR"
"AJG","ARTHUR J GALLAGHER","Financials","Equity","11,418,420.57","0.37","11,418,420.57","35,863.00","318.39","United States","New York Stock Exchange Inc.","USD"
"LLOY","LLOYDS BANKING GROUP PLC","Financials","Equity","11,408,875.08","0.37","11,408,875.08","10,965,328.00","1.04","United Kingdom","London Stock Exchange","GBP"
"CSU","CONSTELLATION SOFTWARE INC","Information Technology","Equity","11,340,197.11","0.37","11,340,197.11","3,139.00","3,612.68","Canada","Toronto Stock Exchange","CAD"
"SREN","SWISS RE AG","Financials","Equity","11,319,044.95","0.37","11,319,044.95","66,302.00","170.72","Switzerland","SIX Swiss Exchange","CHF"
"WMB","WILLIAMS INC","Energy","Equity","11,177,594.43","0.37","11,177,594.43","177,789.00","62.87","United States","New York Stock Exchange Inc.","USD"
"EL","ESSILORLUXOTTICA SA","Health Care","Equity","11,008,487.51","0.36","11,008,487.51","40,686.00","270.57","France","Nyse Euronext - Euronext Paris","EUR"
"DBK","DEUTSCHE BANK AG","Financials","Equity","10,592,387.25","0.35","10,592,387.25","354,234.00","29.90","Germany","Xetra","EUR"
"III","3I GROUP PLC","Financials","Equity","10,358,091.99","0.34","10,358,091.99","182,267.00","56.83","United Kingdom","London Stock Exchange","GBP"
"FTNT","FORTINET INC","Information Technology","Equity","10,115,133.12","0.33","10,115,133.12","97,392.00","103.86","United States","NASDAQ","USD"
"AXON","AXON ENTERPRISE INC","Industrials","Equity","9,989,882.70","0.33","9,989,882.70","12,426.00","803.95","United States","NASDAQ","USD"
"GLE","SOCIETE GENERALE SA","Financials","Equity","9,974,947.65","0.33","9,974,947.65","179,742.00","55.50","France","Nyse Euronext - Euronext Paris","EUR"
"RSG","REPUBLIC SERVICES INC","Industrials","Equity","9,908,957.52","0.32","9,908,957.52","40,491.00","244.72","United States","New York Stock Exchange Inc.","USD"
"SE","SEA ADS REPRESENTING LTD CLASS A","Communication","Equity","9,888,804.86","0.32","9,888,804.86","62,386.00","158.51","Singapore","New York Stock Exchange Inc.","USD"
"BN","DANONE SA","Consumer Staples","Equity","9,711,255.63","0.32","9,711,255.63","119,346.00","81.37","France","Nyse Euronext - Euronext Paris","EUR"
"BARC","BARCLAYS PLC","Financials","Equity","9,600,102.00","0.31","9,600,102.00","2,110,592.00","4.55","United Kingdom","London Stock Exchange","GBP"
"LSEG","LONDON STOCK EXCHANGE GROUP PLC","Financials","Equity","9,365,733.64","0.31","9,365,733.64","64,004.00","146.33","United Kingdom","London Stock Exchange","GBP"
"NWG","NATWEST GROUP PLC","Financials","Equity","9,260,878.41","0.30","9,260,878.41","1,348,116.00","6.87","United Kingdom","London Stock Exchange","GBP"
"DUK","DUKE ENERGY CORP","Utilities","Equity","9,257,336.25","0.30","9,257,336.25","79,633.00","116.25","United States","New York Stock Exchange Inc.","USD"
"MMM","3M","Industrials","Equity","9,255,910.20","0.30","9,255,910.20","61,395.00","150.76","United States","New York Stock Exchange Inc.","USD"
"SO","SOUTHERN","Utilities","Equity","9,148,208.55","0.30","9,148,208.55","101,253.00","90.35","United States","New York Stock Exchange Inc.","USD"
"TTWO","TAKE TWO INTERACTIVE SOFTWARE INC","Communication","Equity","9,023,937.65","0.29","9,023,937.65","37,705.00","239.33","United States","NASDAQ","USD"
"DG","VINCI SA","Industrials","Equity","8,813,539.22","0.29","8,813,539.22","60,757.00","145.06","France","Nyse Euronext - Euronext Paris","EUR"
"D05","DBS GROUP HOLDINGS LTD","Financials","Equity","8,660,174.24","0.28","8,660,174.24","248,400.00","34.86","Singapore","Singapore Exchange","SGD"
"HEI","HEIDELBERG MATERIALS AG","Materials","Equity","8,555,898.25","0.28","8,555,898.25","37,982.00","225.26","Germany","Xetra","EUR"
"IMB","IMPERIAL BRANDS PLC","Consumer Staples","Equity","8,448,339.52","0.28","8,448,339.52","216,302.00","39.06","United Kingdom","London Stock Exchange","GBP"
"BK","BANK OF NEW YORK MELLON CORP","Financials","Equity","8,434,497.00","0.28","8,434,497.00","93,675.00","90.04","United States","New York Stock Exchange Inc.","USD"
"COR","CENCORA INC","Health Care","Equity","8,417,830.14","0.27","8,417,830.14","28,383.00","296.58","United States","New York Stock Exchange Inc.","USD"
"AZO","AUTOZONE INC","Consumer Discretionary","Equity","8,277,287.50","0.27","8,277,287.50","2,350.00","3,522.25","United States","New York Stock Exchange Inc.","USD"
"BN","BROOKFIELD CORP CLASS A","Financials","Equity","8,095,049.79","0.26","8,095,049.79","132,449.00","61.12","Canada","Toronto Stock Exchange","CAD"
"TT","TRANE TECHNOLOGIES PLC","Industrials","Equity","7,979,071.29","0.26","7,979,071.29","18,591.00","429.19","United States","New York Stock Exchange Inc.","USD"
"TRP","TC ENERGY CORP","Energy","Equity","7,805,937.07","0.25","7,805,937.07","162,748.00","47.96","Canada","Toronto Stock Exchange","CAD"
"CTAS","CINTAS CORP","Industrials","Equity","7,768,526.04","0.25","7,768,526.04","35,241.00","220.44","United States","NASDAQ","USD"
"8316","SUMITOMO MITSUI FINANCIAL GROUP IN","Financials","Equity","7,742,941.73","0.25","7,742,941.73","309,300.00","25.03","Japan","Tokyo Stock Exchange","JPY"
"TDG","TRANSDIGM GROUP INC","Industrials","Equity","7,699,299.66","0.25","7,699,299.66","5,231.00","1,471.86","United States","New York Stock Exchange Inc.","USD"
"CM","CANADIAN IMPERIAL BANK OF COMMERCE","Financials","Equity","7,646,499.19","0.25","7,646,499.19","108,387.00","70.55","Canada","Toronto Stock Exchange","CAD"
"LNG","CHENIERE ENERGY INC","Energy","Equity","7,601,868.09","0.25","7,601,868.09","31,401.00","242.09","United States","New York Stock Exchange Inc.","USD"
"WBC","WESTPAC BANKING CORPORATION CORP","Financials","Equity","7,581,068.53","0.25","7,581,068.53","334,880.00","22.64","Australia","Asx - All Markets","AUD"
"RCL","ROYAL CARIBBEAN GROUP LTD","Consumer Discretionary","Equity","7,572,120.99","0.25","7,572,120.99","25,591.00","295.89","United States","New York Stock Exchange Inc.","USD"
"KMI","KINDER MORGAN INC","Energy","Equity","7,556,555.07","0.25","7,556,555.07","261,563.00","28.89","United States","New York Stock Exchange Inc.","USD"
"KR","KROGER","Consumer Staples","Equity","7,545,415.68","0.25","7,545,415.68","105,856.00","71.28","United States","New York Stock Exchange Inc.","USD"
"RBLX","ROBLOX CORP CLASS A","Communication","Equity","7,524,090.00","0.25","7,524,090.00","71,658.00","105.00","United States","New York Stock Exchange Inc.","USD"
"DOL","DOLLARAMA INC","Consumer Discretionary","Equity","7,143,616.45","0.23","7,143,616.45","51,078.00","139.86","Canada","Toronto Stock Exchange","CAD"
"JCI","JOHNSON CONTROLS INTERNATIONAL PLC","Industrials","Equity","7,103,382.16","0.23","7,103,382.16","68,014.00","104.44","United States","New York Stock Exchange Inc.","USD"
"CAH","CARDINAL HEALTH INC","Health Care","Equity","7,091,585.81","0.23","7,091,585.81","42,821.00","165.61","United States","New York Stock Exchange Inc.","USD"
"WPM","WHEATON PRECIOUS METALS CORP","Materials","Equity","7,029,208.62","0.23","7,029,208.62","77,866.00","90.27","Canada","Toronto Stock Exchange","CAD"
"VST","VISTRA CORP","Utilities","Equity","7,014,336.00","0.23","7,014,336.00","36,840.00","190.40","United States","New York Stock Exchange Inc.","USD"
"IFC","INTACT FINANCIAL CORP","Financials","Equity","6,984,744.06","0.23","6,984,744.06","30,659.00","227.82","Canada","Toronto Stock Exchange","CAD"
"VRSN","VERISIGN INC","Information Technology","Equity","6,783,445.92","0.22","6,783,445.92","23,952.00","283.21","United States","NASDAQ","USD"
"USD","USD CASH","Cash and/or Derivatives","Cash","6,693,213.85","0.22","6,693,213.85","6,693,214.00","100.00","United States","-","USD"
"8766","TOKIO MARINE HOLDINGS INC","Financials","Equity","6,522,424.43","0.21","6,522,424.43","156,900.00","41.57","Japan","Tokyo Stock Exchange","JPY"
"EOAN","E.ON N","Utilities","Equity","6,468,317.78","0.21","6,468,317.78","354,602.00","18.24","Germany","Xetra","EUR"
"HO","THALES SA","Industrials","Equity","6,451,598.80","0.21","6,451,598.80","22,077.00","292.23","France","Nyse Euronext - Euronext Paris","EUR"
"AD","KONINKLIJKE AHOLD DELHAIZE NV","Consumer Staples","Equity","6,379,887.60","0.21","6,379,887.60","154,938.00","41.18","Netherlands","Euronext Amsterdam","EUR"
"TRV","TRAVELERS COMPANIES INC","Financials","Equity","6,370,752.60","0.21","6,370,752.60","24,228.00","262.95","United States","New York Stock Exchange Inc.","USD"
"FFH","FAIRFAX FINANCIAL HOLDINGS SUB VOT","Financials","Equity","6,315,069.13","0.21","6,315,069.13","3,536.00","1,785.94","Canada","Toronto Stock Exchange","CAD"
"LDO","LEONARDO FINMECCANICA SPA","Industrials","Equity","6,278,343.15","0.21","6,278,343.15","111,277.00","56.42","Italy","Borsa Italiana","EUR"
"6701","NEC CORP","Information Technology","Equity","6,238,454.35","0.20","6,238,454.35","217,600.00","28.67","Japan","Tokyo Stock Exchange","JPY"
"9434","SOFTBANK CORP","Communication","Equity","6,222,084.55","0.20","6,222,084.55","4,148,200.00","1.50","Japan","Tokyo Stock Exchange","JPY"
"AEP","AMERICAN ELECTRIC POWER INC","Utilities","Equity","6,154,612.55","0.20","6,154,612.55","60,133.00","102.35","United States","NASDAQ","USD"
"MFC","MANULIFE FINANCIAL CORP","Financials","Equity","6,149,702.11","0.20","6,149,702.11","191,695.00","32.08","Canada","Toronto Stock Exchange","CAD"
"LUMI","BANK LEUMI LE ISRAEL","Financials","Equity","6,027,766.94","0.20","6,027,766.94","336,395.00","17.92","Israel","Tel Aviv Stock Exchange","ILS"
"MSI","MOTOROLA SOLUTIONS INC","Information Technology","Equity","5,901,817.24","0.19","5,901,817.24","14,212.00","415.27","United States","New York Stock Exchange Inc.","USD"
"G","ASSICURAZIONI GENERALI","Financials","Equity","5,769,046.75","0.19","5,769,046.75","164,248.00","35.12","Italy","Borsa Italiana","EUR"
"AFL","AFLAC INC","Financials","Equity","5,692,709.35","0.19","5,692,709.35","54,785.00","103.91","United States","New York Stock Exchange Inc.","USD"
"ETR","ENTERGY CORP","Utilities","Equity","5,654,479.50","0.18","5,654,479.50","69,075.00","81.86","United States","New York Stock Exchange Inc.","USD"
"EXC","EXELON CORP","Utilities","Equity","5,628,366.51","0.18","5,628,366.51","132,401.00","42.51","United States","NASDAQ","USD"
"8630","SOMPO HOLDINGS INC","Financials","Equity","5,502,905.02","0.18","5,502,905.02","186,100.00","29.57","Japan","Tokyo Stock Exchange","JPY"
"L","LOBLAW COMPANIES LTD","Consumer Staples","Equity","5,351,760.42","0.17","5,351,760.42","32,613.00","164.10","Canada","Toronto Stock Exchange","CAD"
"FNV","FRANCO NEVADA CORP","Materials","Equity","5,313,016.54","0.17","5,313,016.54","32,230.00","164.85","Canada","Toronto Stock Exchange","CAD"
"FICO","FAIR ISAAC CORP","Information Technology","Equity","5,304,068.64","0.17","5,304,068.64","2,921.00","1,815.84","United States","New York Stock Exchange Inc.","USD"
"CVNA","CARVANA CLASS A","Consumer Discretionary","Equity","5,248,470.00","0.17","5,248,470.00","17,125.00","306.48","United States","New York Stock Exchange Inc.","USD"
"VRSK","VERISK ANALYTICS INC","Industrials","Equity","5,105,130.03","0.17","5,105,130.03","16,731.00","305.13","United States","NASDAQ","USD"
"Z74","SINGAPORE TELECOMMUNICATIONS LTD","Communication","Equity","5,091,961.38","0.17","5,091,961.38","1,702,800.00","2.99","Singapore","Singapore Exchange","SGD"
"4519","CHUGAI PHARMACEUTICAL LTD","Health Care","Equity","5,030,652.68","0.16","5,030,652.68","95,800.00","52.51","Japan","Tokyo Stock Exchange","JPY"
"CBK","COMMERZBANK AG","Financials","Equity","4,944,744.43","0.16","4,944,744.43","156,075.00","31.68","Germany","Xetra","EUR"
"7832","BANDAI NAMCO HOLDINGS INC","Consumer Discretionary","Equity","4,915,428.14","0.16","4,915,428.14","141,200.00","34.81","Japan","Tokyo Stock Exchange","JPY"
"SAAB B","SAAB CLASS B","Industrials","Equity","4,845,551.67","0.16","4,845,551.67","88,276.00","54.89","Sweden","Nasdaq Omx Nordic","SEK"
"SLHN","SWISS LIFE HOLDING AG","Financials","Equity","4,837,150.47","0.16","4,837,150.47","4,829.00","1,001.69","Switzerland","SIX Swiss Exchange","CHF"
"STAN","STANDARD CHARTERED PLC","Financials","Equity","4,774,041.44","0.16","4,774,041.44","293,103.00","16.29","United Kingdom","London Stock Exchange","GBP"
"POLI","BANK HAPOALIM BM","Financials","Equity","4,740,154.37","0.15","4,740,154.37","255,908.00","18.52","Israel","Tel Aviv Stock Exchange","ILS"
"WEC","WEC ENERGY GROUP INC","Utilities","Equity","4,694,034.24","0.15","4,694,034.24","45,432.00","103.32","United States","New York Stock Exchange Inc.","USD"
"ORA","ORANGE SA","Communication","Equity","4,675,103.88","0.15","4,675,103.88","313,306.00","14.92","France","Nyse Euronext - Euronext Paris","EUR"
"6702","FUJITSU LTD","Information Technology","Equity","4,636,806.20","0.15","4,636,806.20","198,100.00","23.41","Japan","Tokyo Stock Exchange","JPY"
"CABK","CAIXABANK SA","Financials","Equity","4,616,356.77","0.15","4,616,356.77","542,055.00","8.52","Spain","Bolsa De Madrid","EUR"
"CHTR","CHARTER COMMUNICATIONS INC CLASS A","Communication","Equity","4,514,960.59","0.15","4,514,960.59","11,459.00","394.01","United States","NASDAQ","USD"
"ALNY","ALNYLAM PHARMACEUTICALS INC","Health Care","Equity","4,451,681.00","0.15","4,451,681.00","13,988.00","318.25","United States","NASDAQ","USD"
"K","KINROSS GOLD CORP","Materials","Equity","4,409,057.99","0.14","4,409,057.99","278,244.00","15.85","Canada","Toronto Stock Exchange","CAD"
"CNP","CENTERPOINT ENERGY INC","Utilities","Equity","4,393,404.32","0.14","4,393,404.32","120,104.00","36.58","United States","New York Stock Exchange Inc.","USD"
"ALL","ALLSTATE CORP","Financials","Equity","4,369,734.05","0.14","4,369,734.05","22,507.00","194.15","United States","New York Stock Exchange Inc.","USD"
"DSV","DSV","Industrials","Equity","4,357,200.02","0.14","4,357,200.02","18,358.00","237.35","Denmark","Omx Nordic Exchange Copenhagen A/S","DKK"
"HIG","HARTFORD INSURANCE GROUP INC","Financials","Equity","4,343,571.54","0.14","4,343,571.54","34,821.00","124.74","United States","New York Stock Exchange Inc.","USD"
"HOLN","HOLCIM LTD AG","Materials","Equity","4,252,318.01","0.14","4,252,318.01","58,967.00","72.11","Switzerland","SIX Swiss Exchange","CHF"
"NRG","NRG ENERGY INC","Utilities","Equity","4,227,178.72","0.14","4,227,178.72","26,168.00","161.54","United States","New York Stock Exchange Inc.","USD"
"ALL","ARISTOCRAT LEISURE LTD","Consumer Discretionary","Equity","4,201,863.10","0.14","4,201,863.10","98,413.00","42.70","Australia","Asx - All Markets","AUD"
"MRU","METRO INC","Consumer Staples","Equity","4,188,138.79","0.14","4,188,138.79","54,092.00","77.43","Canada","Toronto Stock Exchange","CAD"
"TRGP","TARGA RESOURCES CORP","Energy","Equity","4,186,047.04","0.14","4,186,047.04","23,806.00","175.84","United States","New York Stock Exchange Inc.","USD"
"TSCO","TESCO PLC","Consumer Staples","Equity","4,163,100.51","0.14","4,163,100.51","752,382.00","5.53","United Kingdom","London Stock Exchange","GBP"
"ICSUAGD","BLK ICS USD LIQ AGENCY DIS","Cash and/or Derivatives","Money Market","4,115,692.09","0.13","4,115,692.09","4,115,692.00","1.00","Ireland","-","USD"
"ARGX","ARGENX","Health Care","Equity","4,114,532.84","0.13","4,114,532.84","7,349.00","559.87","Belgium","Nyse Euronext - Euronext Brussels","EUR"
"EBAY","EBAY INC","Consumer Discretionary","Equity","4,103,607.60","0.13","4,103,607.60","55,695.00","73.68","United States","NASDAQ","USD"
"7013","IHI CORP","Industrials","Equity","4,039,306.12","0.13","4,039,306.12","38,400.00","105.19","Japan","Tokyo Stock Exchange","JPY"
"TRI","THOMSON REUTERS CORP","Industrials","Equity","3,973,312.15","0.13","3,973,312.15","20,154.00","197.15","Canada","Toronto Stock Exchange","CAD"
"EQT","EQT CORP","Energy","Equity","3,969,377.15","0.13","3,969,377.15","68,261.00","58.15","United States","New York Stock Exchange Inc.","USD"
"KOG","KONGSBERG GRUPPEN","Industrials","Equity","3,949,485.08","0.13","3,949,485.08","105,264.00","37.52","Norway","Oslo Bors Asa","NOK"
"VTR","VENTAS REIT INC","Real Estate","Equity","3,900,431.37","0.13","3,900,431.37","61,589.00","63.33","United States","New York Stock Exchange Inc.","USD"
"9766","KONAMI GROUP CORP","Communication","Equity","3,889,148.58","0.13","3,889,148.58","25,100.00","154.95","Japan","Tokyo Stock Exchange","JPY"
"NDAQ","NASDAQ INC","Financials","Equity","3,826,845.05","0.12","3,826,845.05","43,295.00","88.39","United States","NASDAQ","USD"
"FTS","FORTIS INC","Utilities","Equity","3,720,163.34","0.12","3,720,163.34","78,963.00","47.11","Canada","Toronto Stock Exchange","CAD"
"WRB","WR BERKLEY CORP","Financials","Equity","3,705,399.48","0.12","3,705,399.48","51,222.00","72.34","United States","New York Stock Exchange Inc.","USD"
"FER","FERROVIAL","Industrials","Equity","3,695,156.21","0.12","3,695,156.21","70,276.00","52.58","Spain","Bolsa De Madrid","EUR"
"ENX","EURONEXT NV","Financials","Equity","3,665,684.65","0.12","3,665,684.65","21,430.00","171.05","France","Nyse Euronext - Euronext Paris","EUR"
"POW","POWER CORPORATION OF CANADA","Financials","Equity","3,648,871.71","0.12","3,648,871.71","92,960.00","39.25","Canada","Toronto Stock Exchange","CAD"
"DRI","DARDEN RESTAURANTS INC","Consumer Discretionary","Equity","3,635,423.01","0.12","3,635,423.01","16,833.00","215.97","United States","New York Stock Exchange Inc.","USD"
"ATO","ATMOS ENERGY CORP","Utilities","Equity","3,621,451.44","0.12","3,621,451.44","23,682.00","152.92","United States","New York Stock Exchange Inc.","USD"
"DNB","DNB BANK","Financials","Equity","3,595,753.10","0.12","3,595,753.10","131,945.00","27.25","Norway","Oslo Bors Asa","NOK"
"FRE","FRESENIUS SE AND CO KGAA","Health Care","Equity","3,561,109.58","0.12","3,561,109.58","72,093.00","49.40","Germany","Xetra","EUR"
"CBRE","CBRE GROUP INC CLASS A","Real Estate","Equity","3,498,786.33","0.11","3,498,786.33","25,337.00","138.09","United States","New York Stock Exchange Inc.","USD"
"CHKP","CHECK POINT SOFTWARE TECHNOLOGIES","Information Technology","Equity","3,468,810.24","0.11","3,468,810.24","15,848.00","218.88","Israel","NASDAQ","USD"
"EBS","ERSTE GROUP BANK AG","Financials","Equity","3,458,017.51","0.11","3,458,017.51","41,835.00","82.66","Austria","Wiener Boerse Ag","EUR"
"AEE","AMEREN CORP","Utilities","Equity","3,446,079.40","0.11","3,446,079.40","36,130.00","95.38","United States","New York Stock Exchange Inc.","USD"
"GDDY","GODADDY INC CLASS A","Information Technology","Equity","3,444,927.98","0.11","3,444,927.98","19,442.00","177.19","United States","New York Stock Exchange Inc.","USD"
"QBE","QBE INSURANCE GROUP LTD","Financials","Equity","3,427,861.72","0.11","3,427,861.72","224,371.00","15.28","Australia","Asx - All Markets","AUD"
"TPL","TEXAS PACIFIC LAND CORP","Energy","Equity","3,350,026.75","0.11","3,350,026.75","3,115.00","1,075.45","United States","New York Stock Exchange Inc.","USD"
"BR","BROADRIDGE FINANCIAL SOLUTIONS INC","Industrials","Equity","3,319,918.77","0.11","3,319,918.77","13,881.00","239.17","United States","New York Stock Exchange Inc.","USD"
"CCEP","COCA COLA EUROPACIFIC PARTNERS PLC","Consumer Staples","Equity","3,310,727.98","0.11","3,310,727.98","36,274.00","91.27","Netherlands","NASDAQ","USD"
"6752","PANASONIC HOLDINGS CORP","Consumer Discretionary","Equity","3,284,836.40","0.11","3,284,836.40","315,600.00","10.41","Japan","Tokyo Stock Exchange","JPY"
"COL","COLES GROUP LTD","Consumer Staples","Equity","3,251,649.17","0.11","3,251,649.17","234,553.00","13.86","Australia","Asx - All Markets","AUD"
"PPL","PPL CORP","Utilities","Equity","3,203,918.76","0.10","3,203,918.76","95,298.00","33.62","United States","New York Stock Exchange Inc.","USD"
"CPU","COMPUTERSHARE LTD","Industrials","Equity","3,189,529.91","0.10","3,189,529.91","123,432.00","25.84","Australia","Asx - All Markets","AUD"
"BRO","BROWN & BROWN INC","Financials","Equity","3,128,509.37","0.10","3,128,509.37","28,631.00","109.27","United States","New York Stock Exchange Inc.","USD"
"ESLT","ELBIT SYSTEMS LTD","Industrials","Equity","3,125,590.46","0.10","3,125,590.46","7,161.00","436.47","Israel","Tel Aviv Stock Exchange","ILS"
"BXB","BRAMBLES LTD","Industrials","Equity","3,120,896.23","0.10","3,120,896.23","205,778.00","15.17","Australia","Asx - All Markets","AUD"
"X","TMX GROUP LTD","Financials","Equity","3,056,613.94","0.10","3,056,613.94","73,298.00","41.70","Canada","Toronto Stock Exchange","CAD"
"SHB A","SVENSKA HANDELSBANKEN-A SHS","Financials","Equity","3,056,809.06","0.10","3,056,809.06","232,576.00","13.14","Sweden","Nasdaq Omx Nordic","SEK"
"NXT","NEXT PLC","Consumer Discretionary","Equity","3,053,472.88","0.10","3,053,472.88","17,916.00","170.43","United Kingdom","London Stock Exchange","GBP"
"LYV","LIVE NATION ENTERTAINMENT INC","Communication","Equity","3,039,091.20","0.10","3,039,091.20","20,646.00","147.20","United States","New York Stock Exchange Inc.","USD"
"MKL","MARKEL GROUP INC","Financials","Equity","3,030,815.13","0.10","3,030,815.13","1,519.00","1,995.27","United States","New York Stock Exchange Inc.","USD"
"S63","SINGAPORE TECHNOLOGIES ENGINEERING","Industrials","Equity","2,994,565.58","0.10","2,994,565.58","484,800.00","6.18","Singapore","Singapore Exchange","SGD"
"KPN","KONINKLIJKE KPN NV","Communication","Equity","2,943,420.88","0.10","2,943,420.88","607,546.00","4.84","Netherlands","Euronext Amsterdam","EUR"
"6201","TOYOTA INDUSTRIES CORP","Industrials","Equity","2,912,226.03","0.10","2,912,226.03","25,800.00","112.88","Japan","Tokyo Stock Exchange","JPY"
"BAM","BROOKFIELD ASSET MANAGEMENT VOTING","Financials","Equity","2,902,730.09","0.09","2,902,730.09","52,404.00","55.39","Canada","Toronto Stock Exchange","CAD"
"AMRZ","AMRIZE AG","Materials","Equity","2,898,337.86","0.09","2,898,337.86","58,749.00","49.33","Switzerland","SIX Swiss Exchange","CHF"
"8267","AEON LTD","Consumer Staples","Equity","2,889,674.87","0.09","2,889,674.87","98,300.00","29.40","Japan","Tokyo Stock Exchange","JPY"
"AV.","AVIVA PLC","Financials","Equity","2,865,994.95","0.09","2,865,994.95","336,591.00","8.51","United Kingdom","London Stock Exchange","GBP"
"SPSN","SWISS PRIME SITE AG","Real Estate","Equity","2,859,348.63","0.09","2,859,348.63","19,300.00","148.15","Switzerland","SIX Swiss Exchange","CHF"
"KBC","KBC GROEP","Financials","Equity","2,829,032.94","0.09","2,829,032.94","28,182.00","100.38","Belgium","Nyse Euronext - Euronext Brussels","EUR"
"NOKIA","NOKIA","Information Technology","Equity","2,801,373.69","0.09","2,801,373.69","549,667.00","5.10","Finland","Nasdaq Omx Helsinki Ltd.","EUR"
"K","KELLANOVA","Consumer Staples","Equity","2,790,385.64","0.09","2,790,385.64","35,402.00","78.82","United States","New York Stock Exchange Inc.","USD"
"IBKR","INTERACTIVE BROKERS GROUP INC CLAS","Financials","Equity","2,756,329.87","0.09","2,756,329.87","51,607.00","53.41","United States","NASDAQ","USD"
"BAMI","BANCO BPM","Financials","Equity","2,724,847.99","0.09","2,724,847.99","235,370.00","11.58","Italy","Borsa Italiana","EUR"
"2388","BOC HONG KONG HOLDINGS LTD","Financials","Equity","2,686,190.27","0.09","2,686,190.27","578,500.00","4.64","Hong Kong","Hong Kong Exchanges And Clearing Ltd","HKD"
"DGX","QUEST DIAGNOSTICS INC","Health Care","Equity","2,652,181.74","0.09","2,652,181.74","14,979.00","177.06","United States","New York Stock Exchange Inc.","USD"
"SCHP","SCHINDLER HOLDING PAR AG","Industrials","Equity","2,650,780.02","0.09","2,650,780.02","7,276.00","364.32","Switzerland","SIX Swiss Exchange","CHF"
"RBA","RB GLOBAL INC","Industrials","Equity","2,640,491.37","0.09","2,640,491.37","25,045.00","105.43","Canada","Toronto Stock Exchange","CAD"
"NI","NISOURCE INC","Utilities","Equity","2,613,903.51","0.09","2,613,903.51","65,991.00","39.61","United States","New York Stock Exchange Inc.","USD"
"LISP","CHOCOLADEFABRIKEN LINDT & SPRUENGL","Consumer Staples","Equity","2,579,296.12","0.08","2,579,296.12","155.00","16,640.62","Switzerland","SIX Swiss Exchange","CHF"
"CCH","COCA COLA HBC AG","Consumer Staples","Equity","2,574,014.01","0.08","2,574,014.01","49,505.00","51.99","United Kingdom","London Stock Exchange","GBP"
"BT.A","BT GROUP PLC","Communication","Equity","2,565,741.40","0.08","2,565,741.40","970,260.00","2.64","United Kingdom","London Stock Exchange","GBP"
"HNR1","HANNOVER RUECK","Financials","Equity","2,557,811.40","0.08","2,557,811.40","8,269.00","309.32","Germany","Xetra","EUR"
"NTRA","NATERA INC","Health Care","Equity","2,556,352.17","0.08","2,556,352.17","15,201.00","168.17","United States","NASDAQ","USD"
"AENA","AENA SME SA","Industrials","Equity","2,551,566.47","0.08","2,551,566.47","97,140.00","26.27","Spain","Bolsa De Madrid","EUR"
"SAB","BANCO DE SABADELL SA","Financials","Equity","2,550,773.20","0.08","2,550,773.20","823,067.00","3.10","Spain","Bolsa De Madrid","EUR"
"ACS","ACS ACTIVIDADES DE CONSTRUCCION Y","Industrials","Equity","2,541,963.92","0.08","2,541,963.92","37,498.00","67.79","Spain","Bolsa De Madrid","EUR"
"NN","NN GROUP NV","Financials","Equity","2,539,091.83","0.08","2,539,091.83","38,685.00","65.63","Netherlands","Euronext Amsterdam","EUR"
"FOXA","FOX CORP CLASS A","Communication","Equity","2,535,013.00","0.08","2,535,013.00","44,725.00","56.68","United States","NASDAQ","USD"
"FFIV","F5 INC","Information Technology","Equity","2,524,333.88","0.08","2,524,333.88","8,732.00","289.09","United States","NASDAQ","USD"
"7936","ASICS CORP","Consumer Discretionary","Equity","2,521,657.84","0.08","2,521,657.84","102,000.00","24.72","Japan","Tokyo Stock Exchange","JPY"
"AER","AERCAP HOLDINGS NV","Industrials","Equity","2,521,178.05","0.08","2,521,178.05","21,785.00","115.73","Netherlands","New York Stock Exchange Inc.","USD"
"CYBR","CYBER ARK SOFTWARE LTD","Information Technology","Equity","2,491,983.00","0.08","2,491,983.00","6,175.00","403.56","Israel","NASDAQ","USD"
"1925","DAIWA HOUSE INDUSTRY LTD","Real Estate","Equity","2,488,927.67","0.08","2,488,927.67","72,800.00","34.19","Japan","Tokyo Stock Exchange","JPY"
"CLS","CELESTICA INC","Information Technology","Equity","2,484,046.60","0.08","2,484,046.60","16,529.00","150.28","Canada","Toronto Stock Exchange","CAD"
"AGI","ALAMOS GOLD INC CLASS A","Materials","Equity","2,422,184.71","0.08","2,422,184.71","92,580.00","26.16","Canada","Toronto Stock Exchange","CAD"
"PST","POSTE ITALIANE","Financials","Equity","2,389,604.53","0.08","2,389,604.53","113,452.00","21.06","Italy","Borsa Italiana","EUR"
"EMA","EMERA INC","Utilities","Equity","2,379,859.30","0.08","2,379,859.30","53,101.00","44.82","Canada","Toronto Stock Exchange","CAD"
"4307","NOMURA RESEARCH INSTITUTE LTD","Information Technology","Equity","2,358,367.09","0.08","2,358,367.09","60,000.00","39.31","Japan","Tokyo Stock Exchange","JPY"
"ELE","ENDESA SA","Utilities","Equity","2,319,397.19","0.08","2,319,397.19","72,859.00","31.83","Spain","Bolsa De Madrid","EUR"
"WN","GEORGE WESTON LTD","Consumer Staples","Equity","2,312,332.69","0.08","2,312,332.69","11,715.00","197.38","Canada","Toronto Stock Exchange","CAD"
"TLS","TELSTRA GROUP LTD","Communication","Equity","2,263,604.57","0.07","2,263,604.57","715,668.00","3.16","Australia","Asx - All Markets","AUD"
"ERIC B","ERICSSON B","Information Technology","Equity","2,258,221.52","0.07","2,258,221.52","269,204.00","8.39","Sweden","Nasdaq Omx Nordic","SEK"
"GALD","GALDERMA GROUP N AG","Health Care","Equity","2,246,022.13","0.07","2,246,022.13","15,608.00","143.90","Switzerland","SIX Swiss Exchange","CHF"
"MTX","MTU AERO ENGINES HOLDING AG","Industrials","Equity","2,225,565.29","0.07","2,225,565.29","5,132.00","433.66","Germany","Xetra","EUR"
"S68","SINGAPORE EXCHANGE LTD","Financials","Equity","2,195,945.37","0.07","2,195,945.37","189,300.00","11.60","Singapore","Singapore Exchange","SGD"
"ROL","ROLLINS INC","Industrials","Equity","2,195,016.96","0.07","2,195,016.96","39,422.00","55.68","United States","New York Stock Exchange Inc.","USD"
"G24","SCOUT24 N","Communication","Equity","2,186,794.48","0.07","2,186,794.48","16,060.00","136.16","Germany","Xetra","EUR"
"G1A","GEA GROUP AG","Industrials","Equity","2,167,330.81","0.07","2,167,330.81","31,509.00","68.78","Germany","Xetra","EUR"
"H","HYDRO ONE LTD","Utilities","Equity","2,146,839.84","0.07","2,146,839.84","59,909.00","35.84","Canada","Toronto Stock Exchange","CAD"
"PODD","INSULET CORP","Health Care","Equity","2,108,393.15","0.07","2,108,393.15","6,805.00","309.83","United States","NASDAQ","USD"
"9697","CAPCOM LTD","Communication","Equity","2,101,506.18","0.07","2,101,506.18","62,700.00","33.52","Japan","Tokyo Stock Exchange","JPY"
"HEIA","HEICO CORP CLASS A","Industrials","Equity","2,064,864.30","0.07","2,064,864.30","8,139.00","253.70","United States","New York Stock Exchange Inc.","USD"
"EVRG","EVERGY INC","Utilities","Equity","2,050,445.46","0.07","2,050,445.46","29,951.00","68.46","United States","NASDAQ","USD"
"RDDT","REDDIT INC CLASS A","Communication","Equity","2,027,967.60","0.07","2,027,967.60","14,088.00","143.95","United States","New York Stock Exchange Inc.","USD"
"CMS","CMS ENERGY CORP","Utilities","Equity","2,018,849.56","0.07","2,018,849.56","29,191.00","69.16","United States","New York Stock Exchange Inc.","USD"
"SIG","SIGMA HEALTHCARE LTD","Health Care","Equity","1,978,007.20","0.06","1,978,007.20","1,003,505.00","1.97","Australia","Asx - All Markets","AUD"
"SUN","SUNCORP GROUP LTD","Financials","Equity","1,972,349.92","0.06","1,972,349.92","140,350.00","14.05","Australia","Asx - All Markets","AUD"
"A5G","AIB GROUP PLC","Financials","Equity","1,959,401.71","0.06","1,959,401.71","247,751.00","7.91","Ireland","Irish Stock Exchange - All Market","EUR"
"PME","PRO MEDICUS LTD","Health Care","Equity","1,902,921.41","0.06","1,902,921.41","10,463.00","181.87","Australia","Asx - All Markets","AUD"
"AGS","AGEAS SA","Financials","Equity","1,897,362.07","0.06","1,897,362.07","28,481.00","66.62","Belgium","Nyse Euronext - Euronext Brussels","EUR"
"OKTA","OKTA INC CLASS A","Information Technology","Equity","1,893,418.35","0.06","1,893,418.35","19,295.00","98.13","United States","NASDAQ","USD"
"HELN","HELVETIA HOLDING AG","Financials","Equity","1,862,148.65","0.06","1,862,148.65","8,108.00","229.67","Switzerland","SIX Swiss Exchange","CHF"
"IAG","IA FINANCIAL INC","Financials","Equity","1,824,620.23","0.06","1,824,620.23","16,984.00","107.43","Canada","Toronto Stock Exchange","CAD"
"LISN","CHOCOLADEFABRIKEN LINDT & SPRUENGL","Consumer Staples","Equity","1,804,338.31","0.06","1,804,338.31","11.00","164,030.76","Switzerland","SIX Swiss Exchange","CHF"
"EVN","EVOLUTION MINING LTD","Materials","Equity","1,789,286.13","0.06","1,789,286.13","362,382.00","4.94","Australia","Asx - All Markets","AUD"
"UNI","UNIPOL ASSICURAZIONI SPA","Financials","Equity","1,758,489.45","0.06","1,758,489.45","90,452.00","19.44","Italy","Borsa Italiana","EUR"
"BALN","BALOISE HOLDING AG","Financials","Equity","1,744,931.42","0.06","1,744,931.42","7,577.00","230.29","Switzerland","SIX Swiss Exchange","CHF"
"ORK","ORKLA","Consumer Staples","Equity","1,728,383.12","0.06","1,728,383.12","161,530.00","10.70","Norway","Oslo Bors Asa","NOK"
"8136","SANRIO LTD","Consumer Discretionary","Equity","1,704,803.85","0.06","1,704,803.85","35,300.00","48.29","Japan","Tokyo Stock Exchange","JPY"
"DSCT","ISRAEL DISCOUNT BANK LTD","Financials","Equity","1,698,411.99","0.06","1,698,411.99","175,004.00","9.70","Israel","Tel Aviv Stock Exchange","ILS"
"AM","DASSAULT AVIATION SA","Industrials","Equity","1,694,423.67","0.06","1,694,423.67","4,789.00","353.81","France","Nyse Euronext - Euronext Paris","EUR"
"TEL2 B","TELE2 B","Communication","Equity","1,675,970.38","0.05","1,675,970.38","113,666.00","14.74","Sweden","Nasdaq Omx Nordic","SEK"
"TLX","TALANX AG","Financials","Equity","1,654,966.54","0.05","1,654,966.54","13,004.00","127.27","Germany","Xetra","EUR"
"MZTF","MIZRAHI TEFAHOT BANK LTD","Financials","Equity","1,632,800.24","0.05","1,632,800.24","25,685.00","63.57","Israel","Tel Aviv Stock Exchange","ILS"
"IAG","INSURANCE AUSTRALIA GROUP LTD","Financials","Equity","1,625,718.86","0.05","1,625,718.86","276,765.00","5.87","Australia","Asx - All Markets","AUD"
"4689","LY CORP","Communication","Equity","1,614,403.93","0.05","1,614,403.93","452,500.00","3.57","Japan","Tokyo Stock Exchange","JPY"
"9531","TOKYO GAS LTD","Utilities","Equity","1,613,622.10","0.05","1,613,622.10","50,100.00","32.21","Japan","Tokyo Stock Exchange","JPY"
"FGR","EIFFAGE SA","Industrials","Equity","1,608,714.09","0.05","1,608,714.09","11,674.00","137.80","France","Nyse Euronext - Euronext Paris","EUR"
"GFL","GFL ENVIRONMENTAL SUBORDINATE VOTI","Industrials","Equity","1,600,478.80","0.05","1,600,478.80","31,651.00","50.57","Canada","Toronto Stock Exchange","CAD"
"MAA","MID AMERICA APARTMENT COMMUNITIES","Real Estate","Equity","1,599,646.08","0.05","1,599,646.08","10,848.00","147.46","United States","New York Stock Exchange Inc.","USD"
"MB","MEDIOBANCA BANCA DI CREDITO FINANZ","Financials","Equity","1,579,963.20","0.05","1,579,963.20","68,921.00","22.92","Italy","Borsa Italiana","EUR"
"CNA","CENTRICA PLC","Utilities","Equity","1,571,456.68","0.05","1,571,456.68","701,134.00","2.24","United Kingdom","London Stock Exchange","GBP"
"LUG","LUNDIN GOLD INC","Materials","Equity","1,555,647.44","0.05","1,555,647.44","28,935.00","53.76","Canada","Toronto Stock Exchange","CAD"
"5803","FUJIKURA LTD","Industrials","Equity","1,541,535.96","0.05","1,541,535.96","29,900.00","51.56","Japan","Tokyo Stock Exchange","JPY"
"RPRX","ROYALTY PHARMA PLC CLASS A","Health Care","Equity","1,541,510.62","0.05","1,541,510.62","43,706.00","35.27","United States","NASDAQ","USD"
"TELIA","TELIA COMPANY","Communication","Equity","1,531,613.32","0.05","1,531,613.32","428,326.00","3.58","Sweden","Nasdaq Omx Nordic","SEK"
"1802","OBAYASHI CORP","Industrials","Equity","1,511,807.07","0.05","1,511,807.07","99,800.00","15.15","Japan","Tokyo Stock Exchange","JPY"
"FNF","FIDELITY NATIONAL FINANCIAL INC","Financials","Equity","1,507,559.79","0.05","1,507,559.79","26,763.00","56.33","United States","New York Stock Exchange Inc.","USD"
"LNT","ALLIANT ENERGY CORP","Utilities","Equity","1,494,669.28","0.05","1,494,669.28","24,779.00","60.32","United States","NASDAQ","USD"
"GWO","GREAT WEST LIFECO INC","Financials","Equity","1,484,765.98","0.05","1,484,765.98","39,440.00","37.65","Canada","Toronto Stock Exchange","CAD"
"SRG","SNAM","Utilities","Equity","1,463,588.37","0.05","1,463,588.37","245,209.00","5.97","Italy","Borsa Italiana","EUR"
"1812","KAJIMA CORP","Industrials","Equity","1,445,328.76","0.05","1,445,328.76","56,700.00","25.49","Japan","Tokyo Stock Exchange","JPY"
"BKT","BANKINTER SA","Financials","Equity","1,404,975.13","0.05","1,404,975.13","109,841.00","12.79","Spain","Bolsa De Madrid","EUR"
"MPL","MEDIBANK PRIVATE LTD","Financials","Equity","1,399,326.05","0.05","1,399,326.05","427,373.00","3.27","Australia","Asx - All Markets","AUD"
"1801","TAISEI CORP","Industrials","Equity","1,377,625.43","0.04","1,377,625.43","24,000.00","57.40","Japan","Tokyo Stock Exchange","JPY"
"ASRNL","ASR NEDERLAND NV","Financials","Equity","1,374,841.17","0.04","1,374,841.17","21,250.00","64.70","Netherlands","Euronext Amsterdam","EUR"
"9602","TOHO (TOKYO) LTD","Communication","Equity","1,362,292.16","0.04","1,362,292.16","24,200.00","56.29","Japan","Tokyo Stock Exchange","JPY"
"ADM","ADMIRAL GROUP PLC","Financials","Equity","1,347,002.01","0.04","1,347,002.01","29,812.00","45.18","United Kingdom","London Stock Exchange","GBP"
"MKS","MARKS AND SPENCER GROUP PLC","Consumer Staples","Equity","1,324,542.46","0.04","1,324,542.46","270,916.00","4.89","United Kingdom","London Stock Exchange","GBP"
"SCHN","SCHINDLER HOLDING AG","Industrials","Equity","1,307,597.67","0.04","1,307,597.67","3,722.00","351.32","Switzerland","SIX Swiss Exchange","CHF"
"ALA","ALTAGAS LTD","Utilities","Equity","1,274,961.79","0.04","1,274,961.79","45,303.00","28.14","Canada","Toronto Stock Exchange","CAD"
"ORNBV","ORION CLASS B","Health Care","Equity","1,262,619.46","0.04","1,262,619.46","17,241.00","73.23","Finland","Nasdaq Omx Helsinki Ltd.","EUR"
"EN","BOUYGUES SA","Industrials","Equity","1,259,660.72","0.04","1,259,660.72","28,328.00","44.47","France","Nyse Euronext - Euronext Paris","EUR"
"BPE","BPER BANCA","Financials","Equity","1,213,706.12","0.04","1,213,706.12","137,377.00","8.83","Italy","Borsa Italiana","EUR"
"SMIN","SMITHS GROUP PLC","Industrials","Equity","1,203,632.12","0.04","1,203,632.12","39,514.00","30.46","United Kingdom","London Stock Exchange","GBP"
"EFN","ELEMENT FLEET MANAGEMENT CORP","Industrials","Equity","1,199,245.90","0.04","1,199,245.90","48,244.00","24.86","Canada","Toronto Stock Exchange","CAD"
"PAAS","PAN AMERICAN SILVER CORP","Materials","Equity","1,167,961.73","0.04","1,167,961.73","40,111.00","29.12","Canada","Toronto Stock Exchange","CAD"
"LIFCO B","LIFCO CLASS B","Industrials","Equity","1,157,770.23","0.04","1,157,770.23","28,469.00","40.67","Sweden","Nasdaq Omx Nordic","SEK"
"4704","TREND MICRO INC","Information Technology","Equity","1,151,527.99","0.04","1,151,527.99","16,800.00","68.54","Japan","Tokyo Stock Exchange","JPY"
"TEL","TELENOR","Communication","Equity","1,131,570.59","0.04","1,131,570.59","74,345.00","15.22","Norway","Oslo Bors Asa","NOK"
"ADDT B","ADDTECH CLASS B","Industrials","Equity","1,115,905.56","0.04","1,115,905.56","32,751.00","34.07","Sweden","Nasdaq Omx Nordic","SEK"
"RO","ROCHE HOLDING AG","Health Care","Equity","1,099,849.22","0.04","1,099,849.22","3,169.00","347.07","Switzerland","SIX Swiss Exchange","CHF"
"EMP.A","EMPIRE LTD CLASS A","Consumer Staples","Equity","1,088,146.21","0.04","1,088,146.21","26,642.00","40.84","Canada","Toronto Stock Exchange","CAD"
"CAE","CAE INC","Industrials","Equity","1,083,057.66","0.04","1,083,057.66","40,422.00","26.79","Canada","Toronto Stock Exchange","CAD"
"HEI","HEICO CORP","Industrials","Equity","1,042,232.32","0.03","1,042,232.32","3,244.00","321.28","United States","New York Stock Exchange Inc.","USD"
"SECU B","SECURITAS B","Industrials","Equity","1,014,366.14","0.03","1,014,366.14","69,042.00","14.69","Sweden","Nasdaq Omx Nordic","SEK"
"ALO","ALSTOM SA","Industrials","Equity","994,744.13","0.03","994,744.13","43,437.00","22.90","France","Nyse Euronext - Euronext Paris","EUR"
"REA","REA GROUP LTD","Communication","Equity","986,971.26","0.03","986,971.26","6,450.00","153.02","Australia","Asx - All Markets","AUD"
"FOX","FOX CORP CLASS B","Communication","Equity","967,764.56","0.03","967,764.56","18,536.00","52.21","United States","NASDAQ","USD"
"SGP","STOCKLAND STAPLED UNITS LTD","Real Estate","Equity","950,994.83","0.03","950,994.83","261,193.00","3.64","Australia","Asx - All Markets","AUD"
"TIT","TELECOM ITALIA","Communication","Equity","940,250.55","0.03","940,250.55","1,924,476.00","0.49","Italy","Borsa Italiana","EUR"
"KEY","KEYERA CORP","Energy","Equity","933,520.85","0.03","933,520.85","28,947.00","32.25","Canada","Toronto Stock Exchange","CAD"
"6383","DAIFUKU LTD","Industrials","Equity","925,148.02","0.03","925,148.02","36,000.00","25.70","Japan","Tokyo Stock Exchange","JPY"
"9719","SCSK CORP","Information Technology","Equity","896,804.13","0.03","896,804.13","30,500.00","29.40","Japan","Tokyo Stock Exchange","JPY"
"3088","MATSUKIYOKARA","Consumer Staples","Equity","882,339.25","0.03","882,339.25","43,800.00","20.14","Japan","Tokyo Stock Exchange","JPY"
"ICL","ICL GROUP LTD","Materials","Equity","849,727.68","0.03","849,727.68","125,357.00","6.78","Israel","Tel Aviv Stock Exchange","ILS"
"SGH","SGH LTD","Industrials","Equity","831,870.72","0.03","831,870.72","23,373.00","35.59","Australia","Asx - All Markets","AUD"
"EVD","CTS EVENTIM AG","Communication","Equity","829,916.90","0.03","829,916.90","6,882.00","120.59","Germany","Xetra","EUR"
"H78","HONGKONG LAND HOLDINGS LTD","Real Estate","Equity","818,685.00","0.03","818,685.00","144,900.00","5.65","Hong Kong","Singapore Exchange","USD"
"QAN","QANTAS AIRWAYS LTD","Industrials","Equity","805,622.11","0.03","805,622.11","117,839.00","6.84","Australia","Asx - All Markets","AUD"
"9435","HIKARI TSUSHIN INC","Industrials","Equity","802,160.59","0.03","802,160.59","2,800.00","286.49","Japan","Tokyo Stock Exchange","JPY"
"6823","HKT TRUST AND HKT UNITS LTD","Communication","Equity","777,283.79","0.03","777,283.79","526,000.00","1.48","Hong Kong","Hong Kong Exchanges And Clearing Ltd","HKD"
"PHNX","PHOENIX GROUP HOLDINGS PLC","Financials","Equity","756,968.88","0.02","756,968.88","84,408.00","8.97","United Kingdom","London Stock Exchange","GBP"
"4716","ORACLE JAPAN CORP","Information Technology","Equity","749,426.96","0.02","749,426.96","6,200.00","120.88","Japan","Tokyo Stock Exchange","JPY"
"IAG","INTERNATIONAL AIRLINES GROUP SA","Industrials","Equity","736,541.56","0.02","736,541.56","161,058.00","4.57","Spain","Bolsa De Madrid","EUR"
"GIL","GILDAN ACTIVEWEAR INC","Consumer Discretionary","Equity","735,466.98","0.02","735,466.98","15,213.00","48.34","Canada","Toronto Stock Exchange","CAD"
"WIX","WIX.COM LTD","Information Technology","Equity","728,933.02","0.02","728,933.02","4,577.00","159.26","Israel","NASDAQ","USD"
"7550","ZENSHO HOLDINGS LTD","Consumer Discretionary","Equity","698,434.26","0.02","698,434.26","12,200.00","57.25","Japan","Tokyo Stock Exchange","JPY"
"GJF","GJENSIDIGE FORSIKRING","Financials","Equity","697,705.10","0.02","697,705.10","27,670.00","25.22","Norway","Oslo Bors Asa","NOK"
"DIE","DIETEREN (D) SA","Consumer Discretionary","Equity","675,243.68","0.02","675,243.68","3,290.00","205.24","Belgium","Nyse Euronext - Euronext Brussels","EUR"
"U96","SEMBCORP INDUSTRIES LTD","Utilities","Equity","659,077.00","0.02","659,077.00","121,700.00","5.42","Singapore","Singapore Exchange","SGD"
"3038","KOBE BUSSAN LTD","Consumer Staples","Equity","648,737.92","0.02","648,737.92","21,000.00","30.89","Japan","Tokyo Stock Exchange","JPY"
"3064","MONOTARO LTD","Industrials","Equity","590,820.26","0.02","590,820.26","29,800.00","19.83","Japan","Tokyo Stock Exchange","JPY"
"BKW","BKW N AG","Utilities","Equity","551,767.46","0.02","551,767.46","2,554.00","216.04","Switzerland","SIX Swiss Exchange","CHF"
"BMED","BANCA MEDIOLANUM","Financials","Equity","485,157.27","0.02","485,157.27","28,578.00","16.98","Italy","Borsa Italiana","EUR"
"CAD","CAD CASH","Cash and/or Derivatives","Cash","473,562.27","0.02","473,562.27","645,821.00","73.33","Canada","-","CAD"
"QBR.B","QUEBECOR INC CLASS B","Communication","Equity","464,735.15","0.02","464,735.15","15,413.00","30.15","Canada","Toronto Stock Exchange","CAD"
"BCVN","BC VAUD N","Financials","Equity","461,280.24","0.02","461,280.24","4,050.00","113.90","Switzerland","SIX Swiss Exchange","CHF"
"BZFUT","CASH COLLATERAL USD BZFUT","Cash and/or Derivatives","Cash Collateral and Margins","424,000.00","0.01","424,000.00","424,000.00","100.00","United States","-","USD"
"DKK","DKK CASH","Cash and/or Derivatives","Cash","423,848.96","0.01","423,848.96","2,700,999.00","15.69","Denmark","-","DKK"
"ROCK B","ROCKWOOL CLASS B","Industrials","Equity","351,340.95","0.01","351,340.95","7,766.00","45.24","Denmark","Omx Nordic Exchange Copenhagen A/S","DKK"
"CU","CANADIAN UTILITIES LTD CLASS A","Utilities","Equity","299,381.23","0.01","299,381.23","10,873.00","27.53","Canada","Toronto Stock Exchange","CAD"
"IGM","IGM FINANCIAL INC","Financials","Equity","247,699.40","0.01","247,699.40","7,787.00","31.81","Canada","Toronto Stock Exchange","CAD"
"ILS","ILS CASH","Cash and/or Derivatives","Cash","155,353.62","0.01","155,353.62","527,130.00","29.47","Israel","-","ILS"
"NZD","NZD CASH","Cash and/or Derivatives","Cash","135,608.08","0.00","135,608.08","223,573.00","60.65","New Zealand","-","NZD"
"HKD","HKD CASH","Cash and/or Derivatives","Cash","119,243.16","0.00","119,243.16","936,047.00","12.74","Hong Kong","-","HKD"
"SGD","SGD CASH","Cash and/or Derivatives","Cash","52,550.83","0.00","52,550.83","66,955.00","78.49","Singapore","-","SGD"
"EUR","EUR/USD","Cash and/or Derivatives","FX","24,273.95","0.00","24,273.95","2,866,550.00","1.00","United States","-","USD"
"JPY","JPY/USD","Cash and/or Derivatives","FX","9,996.02","0.00","9,996.02","166,852,200.00","1.00","United States","-","USD"
"NOK","NOK CASH","Cash and/or Derivatives","Cash","8,928.60","0.00","8,928.60","89,869.00","9.94","Norway","-","NOK"
"GBP","GBP/USD","Cash and/or Derivatives","FX","8,493.77","0.00","8,493.77","773,497.00","1.00","United States","-","USD"
"SEK","SEK CASH","Cash and/or Derivatives","Cash","6,816.08","0.00","6,816.08","64,695.00","10.54","Sweden","-","SEK"
"AUD","AUD/USD","Cash and/or Derivatives","FX","4,773.77","0.00","4,773.77","865,943.00","1.00","United States","-","USD"
"CHF","CHF/USD","Cash and/or Derivatives","FX","4,342.89","0.00","4,342.89","482,776.00","1.00","United States","-","USD"
"ILS","ILS/USD","Cash and/or Derivatives","FX","487.22","0.00","487.22","447,585.00","1.00","United States","-","USD"
"NOK","NOK/USD","Cash and/or Derivatives","FX","674.83","0.00","674.83","836,397.00","1.00","United States","-","USD"
"SEK","SEK/USD","Cash and/or Derivatives","FX","210.89","0.00","210.89","1,150,882.00","1.00","United States","-","USD"
"DKK","DKK/USD","Cash and/or Derivatives","FX","245.42","0.00","245.42","219,571.00","1.00","United States","-","USD"
"SGD","SGD/USD","Cash and/or Derivatives","FX","303.88","0.00","303.88","81,160.00","1.00","United States","-","USD"
"MARGIN_EUR","FUTURES EUR MARGIN BALANCE","Cash and/or Derivatives","Cash Collateral and Margins","-3.18","0.00","-3.18","-3.00","117.08","European Union","-","EUR"
"MARGIN_HKD","FUTURES HKD MARGIN BALANCE","Cash and/or Derivatives","Cash Collateral and Margins","-0.01","0.00","-0.01","0.00","12.74","Hong Kong","-","HKD"
"HKD","HKD/USD","Cash and/or Derivatives","FX","-8.80","0.00","-8.80","192,400.00","1.00","United States","-","USD"
"2299955D","CONSTELLATION SOFTWARE INC","Information Technology","Equity","0.02","0.00","0.02","2,885.00","0.00","Canada","Toronto Stock Exchange","CAD"
"MFSU5","MSCI EAFE INDEX SEP 25","Cash and/or Derivatives","Futures","0.00","0.00","3,055,090.00","23.00","2,656.60","-","Ice Futures U.S.","USD"
"NQU5","NASDAQ 100 E-MINI SEP 25","Cash and/or Derivatives","Futures","0.00","0.00","4,533,850.00","10.00","22,669.25","-","Index And Options Market","USD"
"AUD","AUD CASH","Cash and/or Derivatives","Cash","-12,436.05","0.00","-12,436.05","-18,991.00","65.48","Australia","-","AUD"
"GBP","GBP CASH","Cash and/or Derivatives","Cash","-186,678.12","-0.01","-186,678.12","-135,929.00","137.33","United Kingdom","-","GBP"
"JPY","JPY CASH","Cash and/or Derivatives","Cash","-297,382.45","-0.01","-297,382.45","-42,943,513.00","0.69","Japan","-","JPY"
"CHF","CHF CASH","Cash and/or Derivatives","Cash","-510,101.12","-0.02","-510,101.12","-408,004.00","125.02","Switzerland","-","CHF"
"EUR","EUR CASH","Cash and/or Derivatives","Cash","-2,492,925.82","-0.08","-2,492,925.82","-2,129,250.00","117.08","European Union","-","EUR"
 